virus_name,family,downstream_sequence,downstream_length,position_1,position_2,position_3,first_10_residues,first_20_residues
Acute bee paralysis virus (strain Rothamsted),Unclassified_picorna-like,PVETYKDLCRRKNIRKRKSRIREEIKMQQHIDKIIGQENEEYKIINVNMQGIFSFNEEKEIIKSTAWKFNSTLDKTNSIIDNLIPQLEETLAGFRKTYSKCESKIFGTISVVDVCVDLISALLQVSFAKPAMKIASLAVEVFRLIKKYVSNININIDKIKELLSYGKVALNNNNPIIHVTMQSNSPILEVLLQPNIIVSAIFIALSVVFHKKFTYKKLGIEAMIKRLGDLGRAAKGCSDLNVVLNQAITNHMLEHFGKNVLGLKQEDELKVLVEGYRNWCDEVRDLVGHKINSDGELDSKSIVENIMKDVYEIQRIENMYKKGLEISRNIAELKLPTKLTISFNTHMRYLTEVFKSVDTSGAFGNKPRTQPIVIWLFGESGRGKSGMTWPLAIDLNNSLLDNVDEMRNFSKNIYMRNVEQEFWDNYQGQNIVCXDDFGQMRDSSSNPNPEFMELIRTANIAPYPLHMAHLEDKRKTKFTSKVIIMTSNVFEQDVNSLTFPDAFRRRVDLCAEVKNKDEFTKMCWSKSAGKMVQRLDKGKVKKITGDIHSTVPYIVDLIDPESGEVYKTGLEYEEFLDMCLEKTSQCRDDSAKLNDFLMDYAEKRANRSREIDEVCARTMDEAFVDAYDDVIDVNMQIETVDEMELIEPNKLREMIEQCSNKIVYTYEGIAVKITSLAFKLATLNYEEQWEQIKEMKYYVKVSSGVNYLKRVLSQGMKVCEEWMKEMINYVKEHPWMTVSLILGTLIGILTVVGFWKWLCSGDKKKNPIKRHFINTGNVLILPDRELNTFWKNQESLDLRDMYINRVEEHIISLLKLQHKVVLVPKVTKYILTTVENHAKISDKIILITRNRYLNYQGKFVELICGEINQFFIDPETLDTNVEAFASADLKTFVQRKPIVIEGPEFVEAQTSGDQITLRKQTQKVIEAFASSDAITMARKTPKFVESDDVVEVSMQMWKDQVAQKLITNRVLTNLYKICLVKENGDMVPLLNGLFVRSNIMLAPGHLVGFLSDSDTIEIRNLFDVVFRVPWKDVKKVDVVNAFGESKEAVLLCFPKFVCQHTDLVKHFQDSESMSKFKRCEVTLPVLRYSDKMNRFLATLIECDKVEAYDRPYTLNDSSKGQYILRQGLEYTMPTTNGDCGAPLVINETQVIRKIAGIHVAGDARGKAYAESISQKDLIRAFSKIDVSMQIQLDLDQTLNFNQQQXIIPPNAEFGPEDLDFCDLPSLKMIPVGRLSEPLFEPGKTDIRPSLVYGKISEIKTKPAILRNVIVDGKIVNIKHKNLKKCAMDTPYVSKEMTEEAFQLVKSVWLKGMRNELKKVLTYEEAICGNDSSEFISAINRSSSPGFPWIRDRIKGTKGKQGWFGAEGEYILDEDVFEAVKTRIQNAKNGVRTPVMWVDTLKDERRPIEKVDQLKTRVFSNGPMDFSITFRMYYLGFIAHLMENRITNEVSIGTNVYSQDWNKTVRKLKTMGPKVIAGDFSTFDGSLNVCIMEKFADLANEFYDDGSENALIRHVLLMDVYNSTHICGDSVYMMTHSQPSGNPATTPLNCFINSMGLRMVFELCSKKYSALNGTKCYVMKDFSKHVSIVSYGDDNVINFSDEVSEWFNMETITEAFEKLGFTYTDELKGKNGEVPKWRTIEDVQYLKRKFRYDSKRKVWEAPLCMDTILEMPNWCRGSLDIQEGTKVNCENAIMELSMHEEYVFDKWSKVISKAYQKATGDCLDISTYNGYAQERFLNYYL,1740,P,V,E,PVETYKDLCR,PVETYKDLCRRKNIRKRKSR
Ectropis obliqua picorna-like virus,Unclassified_picorna-like,PFLSGLLGTVAAVGKTVAGAGSSIGSIATGVSGVANGIGSIGSAAGKVIGGVESLLRPLFPKKDMDRPQNIIEPTNFYLQQNTSLSLATGTNNVKLLQLQAENSVSHPPGFVPVDDQFNNRFILSVFGLSDYFQWFSGSASGTLLYSFDVTPLKSFTRGIPLQPEFYLTPMAALSGQYGGYHGDMEMRLTFAVSKFHSGRVFIVYSPDVVPTFDNIGAYYNVLLDVQDQSVYTFKIPYQVPTPYAPIFESLQGDTGTFLTPAVSAGNVRCMAYGFVSIFVENQLRVMQTAAPTIDVLVELRGADNFHLVLPAGGKFRSLSTITTTEAPVVTAMGDERREPHTVNPPPRRIMPVWAAQLNESYDCRDVVKRYHDWFDIVSPAVVAGRGFTDMYMNVTVFHVPVPAFDAAPIQNVQFTDMLVGSSILNKSMVLARERINLATNNTISIRVPWTNYASMISNSINPASGRSNTMAPYSNGRVVVYIEYLSSYTTTLGAFRVVWDVTAGSASTRPDTYTPDMLTLLHDGFRFAKGDFNYQMDFTPVPSGANTAIRMRCFRAYGDGGNLYVFQGFPKMLGTYTPRQAISGVTPTRGGLQRQNIIGGGQRDLTQDGDIESNPGPTQSKPTGAQPPPDDILTDEDREGLEGGSIRISFFEKLGDYCKRALGWSGERIVEFIRELRSIKKHVGSIPGMTRISELITTIKELSVVTNGLNRMSAAVEELNEQIKKTREKVETFVGGVGGKLNSLDTGDLVSNGIEYVAYILNIYNSKSVGMTLINVAALLSKMGLGRYLVNDLVDRLGTFAKGEDTEEIEREYTSLIITGVLGAFGLGTMNVEKEGFVKPFLSNVKDFFRNGFAVKKFLDSHFKCINDICGWVRSKIFGKVDKGGLTVDLLVWCERVQVLAEVYNYDTILNDPEFAETLLSLQDEAFEFDRLFIASRIRPPNQYSMYRTKLQRAIDLLGQQGTMQKSKPVPFCLWVYGHSGCGKSHVCDNVLTEIGSALGINTANPIYTRSPDVEFWNGYTGQKLISWQDFAKITTGETYRKQVSELSSLIEPTPFNPPFAALEDKRKIADAWAVYVSSNKAFPEVQNMGMEDSALFYRRRHALVKMRINPEIIQEYARREPPISLEDKYKGQTVYYPSNIPSEDFATRGPYFHVQFAFHVTSLSTAEPTEWLGYDGFIAEVTRRAIDHRQREVDACIQRRGIYSKLRRSAPTGVEFREEVRTLKEELDRLTQERVAEAHGSDNAVKNLATTMDYEKRATFEETEALGSVILQYRLDPNCDCTNQAIMKAATSNEPRKICEVSFCEKCEPVNQRKKNVYKAMSEQLEGVAVSNPFGGIAMIERGDSARIPRAGRQYTPLDYARQATIGTLKWIQGKGLPAGYAYWSEIMPVCCHKKEILELAYFENVGDNIELVLDLSSMKARHGVSFPLFHKLEWFDLRKLDAWATTGFKVILPVVCEQSKFNWNNCIEVKPGERGRIPITPKWAPELIGRVTLEEFKRSWSCDAVQKPSVSYYKIEKDLIRFLVSGTYVQIEGVENMTAGLNHLMSLHTKDTVAFCNSFFYWKSGGKLRAAKFYPFVNGMLKDMSFIFSNIMIAVGAVMLAYKVYRLIRNSSECVEAQAKDYDQKTEAPKIPKVNFVQSTPVVVAAKGDEELSIIHNSLCQLRKGSMRLLGVRLCSNFVLAPQHLAWVPGEFGISLHSSGAWSTELIFEATSVKYSCVKGFDYAVYRFVTLPAGRNIVNYFTTRAQGATLKSEATLMTLSGASLQLRPVRISQYTGALTYDNASFPGTGTSMIGWQYWLGAQSVRCGSLIMSNNLLCGFHVAQNLKTGDAYAVSICKEMLVEALRILGATPFDMKMKRTTPITTVGEPKMQPPETAVVIPLGKAIEPVRYSGKSNLEKSIMHGELAEPFRIPAAQSATAKGECIGYDIVMKGCEKQFKPPKPIDPEEVEKIGDYLIERLVPQSIPLIPTISEPLSLGEAIAGIDGIPLMCGMKLNTSIGWPLCNEYPKGTKKSNIIRVDREEGEVHVDVVAFDDYAKANTLRKQAILPPTTFMDFPKDELLKPGKDTRLINGAPLHHTLDMRRYLMEFFAAITTINNKIAVGIDVHSGDWALIHGGADDVVDEDYSGFGPGFHSQWLTVVCPIAVAWCKHHKKVDKEYEDVVNCLIMELQNAYHVAGDLVYQVLCGSPSGAFATDRINSLANLCYHCLCHLRKYGTLTGFWSHYTLVYGDDTRRRETAYTGDEFQECMASVGIVVNRDKSGVTSFLKRQFIPIDHRDVRVMLAPLPRPIVEDILNWVRKPYASKLSALEETVGSYLSEIFHHGQDEFNNSRSKIQAILARHGSHPELPTFDDLFRQKYLSNGVWPVLMPLANALGPIPAAESEPTHKVTSGQVVCVPHEAGECCAITLGG,2413,P,F,L,PFLSGLLGTV,PFLSGLLGTVAAVGKTVAGA
Ectropis obliqua picorna-like virus,Unclassified_picorna-like,PTQSKPTGAQPPPDDILTDEDREGLEGGSIRISFFEKLGDYCKRALGWSGERIVEFIRELRSIKKHVGSIPGMTRISELITTIKELSVVTNGLNRMSAAVEELNEQIKKTREKVETFVGGVGGKLNSLDTGDLVSNGIEYVAYILNIYNSKSVGMTLINVAALLSKMGLGRYLVNDLVDRLGTFAKGEDTEEIEREYTSLIITGVLGAFGLGTMNVEKEGFVKPFLSNVKDFFRNGFAVKKFLDSHFKCINDICGWVRSKIFGKVDKGGLTVDLLVWCERVQVLAEVYNYDTILNDPEFAETLLSLQDEAFEFDRLFIASRIRPPNQYSMYRTKLQRAIDLLGQQGTMQKSKPVPFCLWVYGHSGCGKSHVCDNVLTEIGSALGINTANPIYTRSPDVEFWNGYTGQKLISWQDFAKITTGETYRKQVSELSSLIEPTPFNPPFAALEDKRKIADAWAVYVSSNKAFPEVQNMGMEDSALFYRRRHALVKMRINPEIIQEYARREPPISLEDKYKGQTVYYPSNIPSEDFATRGPYFHVQFAFHVTSLSTAEPTEWLGYDGFIAEVTRRAIDHRQREVDACIQRRGIYSKLRRSAPTGVEFREEVRTLKEELDRLTQERVAEAHGSDNAVKNLATTMDYEKRATFEETEALGSVILQYRLDPNCDCTNQAIMKAATSNEPRKICEVSFCEKCEPVNQRKKNVYKAMSEQLEGVAVSNPFGGIAMIERGDSARIPRAGRQYTPLDYARQATIGTLKWIQGKGLPAGYAYWSEIMPVCCHKKEILELAYFENVGDNIELVLDLSSMKARHGVSFPLFHKLEWFDLRKLDAWATTGFKVILPVVCEQSKFNWNNCIEVKPGERGRIPITPKWAPELIGRVTLEEFKRSWSCDAVQKPSVSYYKIEKDLIRFLVSGTYVQIEGVENMTAGLNHLMSLHTKDTVAFCNSFFYWKSGGKLRAAKFYPFVNGMLKDMSFIFSNIMIAVGAVMLAYKVYRLIRNSSECVEAQAKDYDQKTEAPKIPKVNFVQSTPVVVAAKGDEELSIIHNSLCQLRKGSMRLLGVRLCSNFVLAPQHLAWVPGEFGISLHSSGAWSTELIFEATSVKYSCVKGFDYAVYRFVTLPAGRNIVNYFTTRAQGATLKSEATLMTLSGASLQLRPVRISQYTGALTYDNASFPGTGTSMIGWQYWLGAQSVRCGSLIMSNNLLCGFHVAQNLKTGDAYAVSICKEMLVEALRILGATPFDMKMKRTTPITTVGEPKMQPPETAVVIPLGKAIEPVRYSGKSNLEKSIMHGELAEPFRIPAAQSATAKGECIGYDIVMKGCEKQFKPPKPIDPEEVEKIGDYLIERLVPQSIPLIPTISEPLSLGEAIAGIDGIPLMCGMKLNTSIGWPLCNEYPKGTKKSNIIRVDREEGEVHVDVVAFDDYAKANTLRKQAILPPTTFMDFPKDELLKPGKDTRLINGAPLHHTLDMRRYLMEFFAAITTINNKIAVGIDVHSGDWALIHGGADDVVDEDYSGFGPGFHSQWLTVVCPIAVAWCKHHKKVDKEYEDVVNCLIMELQNAYHVAGDLVYQVLCGSPSGAFATDRINSLANLCYHCLCHLRKYGTLTGFWSHYTLVYGDDTRRRETAYTGDEFQECMASVGIVVNRDKSGVTSFLKRQFIPIDHRDVRVMLAPLPRPIVEDILNWVRKPYASKLSALEETVGSYLSEIFHHGQDEFNNSRSKIQAILARHGSHPELPTFDDLFRQKYLSNGVWPVLMPLANALGPIPAAESEPTHKVTSGQVVCVPHEAGECCAITLGG,1796,P,T,Q,PTQSKPTGAQ,PTQSKPTGAQPPPDDILTDE
Foot-and-mouth disease virus serotype Asia-1,Picornaviridae,PFFFSDVRSNFTKLVDTINQMQEDMSTKHGPDFNRLVSAFEELATGVKAIRTGLDEAKPWYKLIKLLSRLSCMAAVAARSKDPVLVAIMLADTGLEILDSTFVVKKISDSLSSLFHVPAPVFSFGAPVLLAGLVKVASSFFRSTPEEPERAEKQLKARDINDIFAILKNGEWLVKLILAIRDWIKAWIAPEEKFVTMTDLVPGILEKQPDLNGPSKYKEAKEWLDNARQACLKSGNVHIANLCKVVAPAPSKSRPEPVVVCLRGKSGQGKSFLADVLAQAISTHYTGRIDSVWYCPPDLDHFDGYNQQTVVVMDDLGQNPDGKDFKYFAQMVSTTGFIPPMASLEDKGKPFNSKVIIATTNLYSGFTPRTMVCPDALNRRFHFDIDVSAKDGYKINNKLDIIKALEDTHTNPVAMFQYDCALLNGMAVEMKRMQQDMFKPQPPLQNVYQLVQEVIDRVELHEKVSSHPIFKQISIPSQKSVLYFLIEKGQHEAAIEFFEGMVHDSIKEELRPLIQQTSFVKRAFKRLKENFEIVALCLTLLANIVIMIRETRKRQQMVNDAVNEYIDKANITTDDKTLDEAEKNPLETSGASTVGFRERTLPGRKTSDDVNSEPVKSVEEQPQAEGPYAGAFERQKTLKVRAKLPQQEGPYAGPMERQKPLKVKAKAPVVKEGPYEGPVKKPVALKVKAKNLIVTESGAPPTDLQKMVMGNTKPVELILDGKTVAICCATGVFGTAYLVPRHLFAEKYDKIMLDGRAMTDSDYRVFEFEIKVKGQNMLSDAALMVLHRGNRVRDITKHFRDVAKMKKGTPVVGVINNADVGRLIFSGEALTYKDIVVCMDGDTMPGLFAYKAVTRAGYCGGAVLAKDGAETFIVGTHSAGGNGVGYCSCVSRSMLLKMKAHIDPEPHHEGLIVDTRDVEERVHVMRKTKLAPTVAHGVFNPEFGPAALSNKDPRLNEGVVLDEVIFSKHKGDTKMSEEDKALFRRCAADYASRLHSVLGTANAPLSIYEAIKGVDGLDAMEPDTAPGLPWALQGKRRGALIDFENGTVGPEVEAALKLMEKREYKFACQTFLKDEIRPMEKVRAGKTRIVDVLPVEHILYTRMMIGRFCAQMHSNNGPQIGSAVGCNPDVDWQRFGTHFAQYRNVWDVDYSAFDANHCSDAMNIMFEEVFRTEFGFHPNAEWILKTLVNTEHAYENKRIVVEGGMPSGCSATSIINTILNNIYVLYALRRHYEGVELDTYTMISYGDDIVVASDYDLDFEALKPHFKSLGQTITPADKSDKGFVLGHSITDVTFLKRHFHMDYGTGFYKPVMASKTLEAILSFARRGTIQEKLISVAGLAVHSGPDEYRRLFEPFQGLFEIPSYRSLYLRWVNAVCGDA,1379,P,F,F,PFFFSDVRSN,PFFFSDVRSNFTKLVDTINQ
Foot-and-mouth disease virus (isolate -/Germany/A5Westerwald/1951 serotype A),Picornaviridae,PFFFSDVRSNFSKLVETINQMQEDMSTKHGPDFNRLVSAFEELAAGVKAIRTGLDEAKPWYKLIKLLSRLSCMAAVAARSKDPVLVAIMLADTGLEILDSTFVVKKISDSLSSLFHVPAPVFSFGAPILLAGLVKVASSFFRSTPEDLERAEKQLKARDINDIFAILKNGEWLVKLILAIRDWIKAWIASEEKFVTMTDLVPGILEKQHDLNDPSKYKEAKEWLDNARQACLKSGNVHIANLCKVVAPAPSKPRPEPVVVCLRGKSGQGKSFLANVLAQAISTHFTGRTDSVWYCPPDPDHFDGYNQQTVVVMDDLGQNPDGKDFKYFAQMVSTTGFIPPMASLEDKGKPFNSKVIIATTNLYSGFTPRTMVCPDALNRRFHFDIDVSAKDGYKINNKLDITKALEDTHTNPVAMFQYDCALLNGMAVEMKRMQQDMFKPQPPLQNVYQLVQEVIDRVELHEKVSSHPIFKQISIPSQKSVLYFLIKKGQHEAAIEFFEGMVHDSVKEELRPLIQQTSFVKRAFKRLKENFEIVALCLTLLANIVIMIRETRKRQKMVDDAVNEYIEKANITTDDKTLDEAEKNPLETSGASTVGFRERTLPGQKARDDVNSEPAQPAEEQPQAEGPYAGPLERQRPLKVRAKLPQQEGPYAGPMERQKPLKVKAKAPVVKEGPYEGPVKKPVALKVRAKNLIVTESGAPPTDLQKMVMGNTKPVELILDGKTVAICCATGVFGTAYLVPRHLFAEKYDKIMLDGRAMTDSDYRVFEFEIKVKGQDMLSDAALMVLHRGNRVRDITKHFRDTARMKKGTPVVGVINNADVGRLIFSGEALTYKDIVVCMDGDTMPGLFAYRAATKAGYCGGAVLAKDGADTFIVGTHSAGGNGVGYCSCVSRSMLLKMKAHIDPEPHHEGLIVDTRDAEERVHVMRKTKLAPTVAHGVFNPEFGPAALSNKDPRLNEGVVLDEVIFSKHKGDTKMSEEDKALFRRCAADYASRLHSVLGTANAPLSIYEAIKGVDGLDAMEPDTAPGLPWALQGKRRGALIDFENGTVGPEVEAALKLMEKREYKFVCQTFLKDEIRPMEKVRAGKTRIVDVLPVEHILYTRMMIGRFCAQMHSNNGPQIGSAVGCNPDVDWQRFGTHFAQYRNVWDVDYSAFDANHCSDAMNIMFEEVFRTDFGFHPNAEWILKTLVNTEHAYENKRHTVEGGMPSGCSATSIINTILNNIYVLYALRRHYEGVELDTYTMISYGDDIVVASDYDLDFEALKPHFKSLGQTITPADKSDKGFVLGHSITDVTFLKRHFHMDYGTGFYKPVMASKTLEAILSFARRGTIQEKLISVAGLAVHSGPDEYRRLFEPFQGLFEIPSYRSLYLRWVNAVCGDA,1379,P,F,F,PFFFSDVRSN,PFFFSDVRSNFSKLVETINQ
Foot-and-mouth disease virus (isolate -/Azerbaijan/A22-550/1965 serotype A),Picornaviridae,PFFFSDVRSNFSKLVETINQMQEDMSTKHGPDFNRLVSAFEELATGVKAIRTGLDEAKPWYKLIKLLSRLSCMAAVAARSKDPVLVAIMLADTGLEILDSTFVVKKISDSLSSLFHVPAPVFSFGAPILLAGLVKVASSFFRSTPEDLERAEKQLKARDINDIFAILKNGEWLVKLILAIRDWIKAWIASEEKFVTMTDLVPGILEKQRDLNDPSKYKEAKEWLDSARQACLKNGNVHIANLCKVVTPAPSKSRPEPVVVCLRGKSGQGKSFLANVLAQAISTHFTGRIDSVWYCPPDPDHFDGYNQQTVVVMDDLGQNPDGKDFKYFAQMVSTTGFIPPMASLEDKGKPFNSKVIITTTNLYSGFTPRTMVCPDALNRRFHFDIDVSAKDGYKVNNKLDITKALEDTHTNPVAMFKYDCALLNGMAVEMKRMQQDMFKPQPPLQNVYQLVQEVIERVELHEKVSSHQIFKQISIPSQKSVLYFLIEKGQHEAAIEFFEGLVHDSIKEELRPLIQQTSFVKRAFKRLKENFEIVALCLTLLANIVIMIRETRKRQQMVDDAVNEYIEKANITTDDKTLDEAEKNPLETSGVSIVGFRERTLPGHRASDDVNSEPARPVEEQPQAEGPYTGPLERQKPLKVKAKLPQQEGPYAGPMERQKPLKVKVKAPVVKEGPYEGPVKKPVALKVKAKNLIVTESGAPPTDLQKMVMGNTKPVELILDGKTVAICCATGVFGTAYLVPRHLFAEKYDKIMLDGRAMTDSDYRVFEFEIKVKGQDMLSDAALMVLHRGNRVRDITKHFRDTARMKKGTPVVGVINNADVGRLIFSGEALTYKDIVVCMDGDTMPGLFAYKAATKAGYCGGAVLAKDGADTFIVGTHSAGGNGVGYCSCVSRSMLLKMKAHIDPEPHHEGLIVDTRDVEERVHVMRKTKLAPTVAHGVFNPEFGPAALSNKDPRLNEGVVLDEVIFSKHKGDTKMTEEDKALFRRCAADYASRLHNVLGTANAPLSIYEAIKGVDGLDAMEPDTAPGLPWALQGKRRGTLIDFENGTVGPEVASALELMEKRQYKFTCQTFLKDEVRPMEKVRAGKTRIVDVLPVEHILYTRMMIGRFCAQMHSNNGPQIGSAVGCNPDVDWQRFGTHFAQYKNVWDVDYSAFDANHCSDAMNIMFEEVFRTEFGFHPNAEWILKTLVNTEHAYENKRITVEGGMPSGCSATSIINTILNNIYVLYALRRHYEGVELDTYTMISYGDDIVVASDYDLDFEALKPHFKSLGQTITPADKSDKGFVLGQSITDVTFLKRHFRMDYGTGFYKPVMASKTLEAILSFARRGTIQEKLISVAGLAVHSGPDEYRRLFEPFQGLFEIPSYRSLYLRWVNAVCGDAQSL,1382,P,F,F,PFFFSDVRSN,PFFFSDVRSNFSKLVETINQ
Foot-and-mouth disease virus (isolate Bovine/United Kingdom/A12Valle119/1932 serotype A),Picornaviridae,PFFFADVRSNFSKLVDTINQMQEDMSTKHGPDFNRLVSAFEELATGVKAIRTGLDEAKPWYKLIKLLSRLSCMAAVAARSKDPVLVAIMLADTGLEILDSTFVVKKISDSLSSLFHVPAPVFSFGAPVLLAGLVKVASSFFRSTPEDLERAEKQLKARDINDIFAILKNGEWLVKLILAIRDWIKAWIASEEKFVTTTDLVPGILEKQRDLNDPSKYKEAKEWLDNARQACLKSGNVHIANLCKVVAPAPSKSRPEPVVVCLRGKSGQGKSFLANVLAQAISTHFTGRTDSVWYCPPDPDHFDGYNQQTVVVMDDLGQNPDGKDFKYFAQMVSTTGFIPPMASLEDKGKPFNSKVIIATTNLYSGFTPRTMVCPDALNRRFHFDIDVSAKDGYKINNKLDIIKALEDTHTNPVAMFQYDCALLNGMAVEMKRMQQDMFKPQPPLQNVYQLVQEVIERVELHEKVSSHPIFKQISIPSQKSVLYFLIEKGQHEAAIEFFEGMVHDSIKEELRPLIQQTSFVKRAFKRLKENFEIVALCLTLLANIVIMIRETRKRQKMVDDAVNEYIEKANITTDDTTLDEAEKNPLETSGASTVGFRERTLTGQRACNDVNSEPARPAEEQPQAEGPYTGPLERQRPLKVRAKLPQQEGPYAGPLERQKPLKVKAKAPVVKEGPYEGPVKKPVALKVKAKNLIVTESGAPPTDLQKMVMGNTKPVELILDGKTVAICCATGVFGTAYLVPRHLFAEKYDKIMLDGRAMTDSDYRVFEFEIKVKGQDMLSDAALMVLHRGNRVRDITKHFRDTARMKKGTPVVGVVNNADVGRLIFSGEALTYKDIVVCMDGDTMPGLFAYKAATKAGYCGGAVLAKDGADTFIVGTHSAGGNGVGYCSCVSRSMLLRMKAHVDPEPHHEGLIVDTRDVEERVHVMRKTKLAPTVAHGVFNPEFGPAALSNKDPRLNEGVVLDEVIFSKHKGDTKMSAEDKALFRRCAADYASRLHSVLGTANAPLSIYEAIKGVDGLDAMESDTAPGLPWAFQGKRRGALIDFENGTVGPEVEAALKLMEKREYKFACQTFLKDEIRPMEKVRAGKTRIVDVLPVEHILYTRMMIGRFCAQMHSNNGPQIGSAVGCNPDVDWQRFGTHFAQYRNVWDVDYSAFDANHCSDAMNIMFEEVFRTDFGFHPNAEWILKTLVNTEHAYENKRITVEGGMPSGCSATSIINTILNNIYVLYALRRHYEGVELDTYTMISYGDDIVVASDYDLDFEALKPHFKSLGQTITPADKSDKGFVLGHSITDVTFLKRHFHIDYGTGFYKPVMASKTLEAILSFARRGTIQEKLTSVAGLAVHSGPDEYRRLFEPFQGLFEIPSYRSLYLRWVNAVCGDA,1379,P,F,F,PFFFADVRSN,PFFFADVRSNFSKLVDTINQ
Foot-and-mouth disease virus (isolate -/Brazil/C3Indaial/1971 serotype C),Picornaviridae,PFFFSDVRSNFSKLVETINQMQEDMSTKHGPDFNRLVSAFEELATGVKAIRTGLDEAKPWYKLIKLLSRLSCMAAVAARSKDPVLVAIMLADTGLEILDSTFVVKKISDSLSSLFHVPAPVFSFGAPILLAGLVKVASSFFRSTPEDLERAEKQLKARDINDIFAILKNGEWLVKLILAIRDWIKAWIASEEKFVTMTDLVPGILEKQRDLNDPSKYKEAKEWLDNARQACLKNGNTHIANLCKVVAPAPSKSRPEPVVVCLRGKSGQGKSFLANVLAQAISTHFTGRTDSVWYCPPDPDHFDGYNQQTVVVMDDLGQNPDGKDFKYFAQMVSTTGFIPPMASLEDKGKPFNSKVIIATTNLYSGFTPRTMVCPDALNRRFHFDIDVSAKDGYKINNKLDIIKALEDTHTNPVAMFQYDCALLNGMAVEMKRMQQDMFKPQPPLQNVYQLVQEVIERVELHEKVSSHPIFKQISIPSQKSVLYFLIEKGQHEAAIEFFEGMVHDSIKEELRPLIQQTSFVKRAFKRLKENFEIVALCLTLLANIVIMIRETRKRQQMVDDAVNEYIEKANITTDDKTLDEAEKNPLETSGASTVGFRERTLPGHKARDDVNSEPAQPVEEQPQAEGPYAGPLERQKPLKVRAKLPQQEGPYAGPMERQKPLKVKAKAPVVKEGPYEGPVKKPVALKVKAKNLIVTESGAPPTDLQKMVMGNTKPVELILDGKTVAICCATGVFGTAYLVPRHLFAEKYDKIMLDGRAMTDSDYRVFEFEIKVKGQDMLSDAALMVLHRGNRVRDITKHFRDTARMKKGTPVVGVINNADVGRLIFSGEALTYKDIVVCMDGDTMPGLFAYRAATKAGYCGGAVLAKDGADTFIVGTHSAGGNGVGYCSCVSRSMLLKMKAHIDPEPHHEGLIVDTRDVEERVHVMRKTKLAPTVAHGVFNPDFGPAALSNRDPRLNEGVVLDEVIFSKHKGDTKMSEEDKALFRRCAADYASRLHSVLGTANAPLSIYEAIKGVDGLDAMEPDTAPGLPWALQGKRRGALIDFENGTVGPEVEAALKLMEKREYKFACQTFLKDEIRPMEKVRAGKTRIVDVLPVEHILYTRMMIGRFCAQMHSNNGPQIGSAVGCNPDVDWQRFGTHFAQYRNVWDVDYSAFDANHCSDAMNIMFEEVFRTEFGFHPNAEWILKTLVNTEHAYENKRITVEGGMPSGCSATSIINTILNNIYVLYALRRHYEGVELDTYTMISYGDDIVVASDYDLDFEALKPHFKSIGQTITPADKSDKGFVLGHSITDVTFLKRHFHMDYGTGFYKPVMASKTLEAILSFARRGTIQEKLISVAGLAVHSGPDEYRRLFEPFQGLFEIPSYRSLYLRWVNAVCGDA,1379,P,F,F,PFFFSDVRSN,PFFFSDVRSNFSKLVETINQ
Foot-and-mouth disease virus (isolate -/Spain/S8c1SantaPau/1970 serotype C),Picornaviridae,PFFFSDVRSNFSKLVETINQMQEDMSTKHGPDFNRLVSAFEELASGVKAIRTGLDEAKPWYKLIKLLSRLSCMAAVAARSKDPVLVAIMLADTGLEILDSTFVVKKISDSLSSLFHVPAPAFSFGAPILLAGLVKVASSFFRSTPEDLERAEKQLKARDINDIFAILKNGEWLVKLILAIRDWIKAWIASEEKFVTMTDLVPGILEKQRDLNDPSKYKDAKEWLDNTRQVCLKSGNVHIANLCKVVAPAPSKSRPEPVVVCLRGKSGQGKSFLANVLAQAISTHLTGRTDSVWYCPPDPDHFDGYNQQTVVVMDDLGQNPDGKDFKYFAQMVSTTGFIPPMASLEDKGKPFSSKVIIATTNLYSGFTPKTMVCPDALNRRFHFDIDVSAKDGYKINNKLDIIKALEDTHTNPVAMFQYDCALLNGMAVEMKRLQQDMFKPQPPLQNVYQLVQEVIERVELHEKVSSHPIFKQISIPSQKSVLYFLIEKGQHEAAIEFFEGMVHDSIKEELRPLIQQTSFVKRAFKRLKENFEIVALCLTLLANIVIMIRETHKRQKMVDDAVNEYIEKANITTDDQTLDEAEKNPLETSGASTVGFRERTLPGQKARDDVNSEPAQPTEEQPQAEGPYAGPLERQRPLKVRAKLPRQEGPYAGPMERQKPLKVKARAPVVKEGPYEGPVKKPVALKVKAKNLIVTESGAPPTDLQKMVMGNTKPVELILDGKTVAICCATGVFGTAYLVPRHLFAEKYDKIMLDGRALTDSDYRVFEFEIKVKGQDMLSDAALMVLHRGNRVRDITKHFRDVARMKKGTPVVGVINNADVGRLIFSGEALTYKDIVVCMDGDTMPGLFAYKAATKAGYCGGAVLAKDGADTFIVGTHSAGGNGVGYCSCVSRSMLLKMKAHIDPEPHHEGLIVDTRDVEERVHVMRKTKLAPTVAHGVFNPEFGPAALSNKDPRLNEGVVLDEVIFSKHKGDTKMSAEDKALFRRCAADYASRLHSVLGTANAPLSIYEAIKGVDGLDAMEPDTAPGLPWALQGKRRGALIDFENGTVGPEVEAALKLMEKREYKFACQTFLKDEIRPMEKVRAGKTRIVDVLPVEHILYTRMMIGRFCAQMHSNNGPQIGSAVGCNPDVDWQRFGTHFAQYRNVWDVDYSAFDANHCSDAMNIMFEEVFRTEFGFHPNAEWILKTLVNTEHAYENKRITVEGGMPSGCSATSIINTILNNIYVLYALRRHYEGVELDTYTMISYGDDIVVASDYDLDFEALKPHFKSLGQTITPADKSDKGFVLGHSITDVTFLKRHFHMDYGTGFYKPVMASKTLEAILSFARRGTIQEKLISVAGLAVHSGPDEYRRLFEPFQGLFEIPSYRSLYLRWVNAVCGDA,1379,P,F,F,PFFFSDVRSN,PFFFSDVRSNFSKLVETINQ
Foot-and-mouth disease virus serotype SAT-2,Picornaviridae,PFFFSDVRSNFTKLVDTINQMQNDMSTKHGPDFNRLVTAFEELTQGVKAIKDGLDEAKPWYKVIKLLSRLSCMAAVAARSKDPVLVAIMLADTGLEILDSTFVVKKIADALSSVFHVPAPVFSFGAPVLLAGLVKVASSFFRSTPEELERAEKQLKARDINDIFAILKNGEWLVKLILAIRDWIKAWISSEEKFVTMTDLVPGILEKQRDLSDPSKYHEAKGWLENARQACLKNGNVHIANLCKVTAPAPSKSRPEPVVVCLRGKSGQGKSFLANVLAQAISTHFTGRTDSVWYCPPDPDHFDGYNQQAVVVMDDLGQNPDGKDFKYFAQMVSTTGFIPPMASLEDKGKPFNSKVIIATSNLYSGFTPRTMVCPDALNRRFHFDIDVSAKDGYKVNNKLDIIKALEDTHTNPVAMFQYDCALLNGMAVEMKRLQQDVFKPQPPILNVYQLVDEVIERVNLHEKVASQPIFKQISLPSQKSVLYFLIEKGQHDAAIEFFEGMVSDSIKEELRPLLQQTSFVKRAFKRLKDNFEIVALCLALLANIVIMIRETNKRQQMVDEAVNDYIERAGITTDDKTLDEAEKNPLETTGASTVGFRERTLPGHKVSDDVNSEPTKPEEKPQAEGPYAGPMERQKPLKVKAKLPQQEGPYAGPMERQQPLKVKARAPVVKEGPYEGPVKKPVALKVKAKNMIVTESGAPPTDLQKMVMANTKPVELILDGKTVAICCATGVFGTAYLVPRHLFAEKYDKIMIDGRAMTDRDFRVFEFEIKVKGQDMLSDAALMVLHRGNRVRDITRHFRDQARMRKGTPVVGVVNNADRWRLIFSGEALTYKDIVVCMDGDTMPGLFAYKAATKAGYCGGAVLAKDGAETFIVGTHSAGGNGVGYCSCVSKSMLLQMKAHVDPEPHHEGLIVDTRDVEERVHVMRKTKLAPTVARGVLQPEYGPAALSNNDKRLNEGVVLDEVIFSKHKGDTKMSEEDKKLFRLCAADYASHLHSVLGTANAPLSIYEAIKGVDGLDAMEPDTAPGLPWATQGKRRGALIDFENGTVGPEIEAALKLMENREYKFTCQTFLKDEIRPLEKVRAGKTRIVDVLPVEHILYTRMMIGKFCAQMHSNNGPQIGSAVGCNPDVDWQRFGTHFAQYKNVWDVDYSAFDANHCSDAMNIMFEEVFRPEFGFHPNAEWILKTLVNTEHAYENKRITVEGGMPSGCSATCIINTILNNIYVLYALRRHYEGVTLDSYSMISYGDDIVVASDYDLDFEALKPHFKSVGQTITPADKSDKGFVLGQSITDVTFLKRHFHMDYGTGFYKPVMASKTLEAILSFARRGTIQEKLISVAGLAVHSGPDEYRRLFEPFQGLFEIPSYRSLYLRWVNAVCGDA,1378,P,F,F,PFFFSDVRSN,PFFFSDVRSNFTKLVDTINQ
Foot-and-mouth disease virus (isolate Swine/Taiwan/OTai/1997 serotype O),Picornaviridae,PFFFSDVRANFTKLVDTVNQMQEDMSTKHGPDFNRLVSAFEELAAGVKAIRTGLDEAKPWYKLIKLLSRLSCMAAVAARSKDPVLVAIMLADTGLEILDSTFVVKKISDSLSSLFHVPAPAFSFGAPILLAGLVKVASSFFQSTPEDLERAEKQLKARDINDIFAVLKNGEWLVKLILAIRDWIKAWIASEEKFVTMTDLVPGILERQRDLNDPGKYKEAKEWLDNARQACLKSGNVHIANLCKVVAPAPSKSRPEPVVVCLRGKSGQGKSFLANVLAQAISTHFTGRTDSVWYCPPDPDHFDGYNQQTVVVMDDLGQNPDGKDFKYFAQMVSTTGFIPPMASLEDKGKPFNSKVIIATTNLYSGFTPKTMVCPDALNRRFHFDIDVSAKDGYKINNKLDIVKALEDTHANPVAMFQYDCALLNGMAVEMKRMQQDMFKPQPPLQNIYQLVQEVIERVELHEKVSSHLIFKQISIPSQKSVLYFLIEKGQHEAAIEFFEGMVHDSIKEELRPLIQQTSFVKRAFKRLKENFEVVALCLTLLANIVIMLRQARKRYQSVDDPLDGDVTLGDAEKNPLETSGASAVGFRERSPTEQGTREDANAEPVVFGREQPRAEGPYAGPLERQKPLKVKAELPQQEGPYAGPMERQKPLKVKAKAPVVKEGPYEGPVKKPVALKVKAKNLIVTESGAPPTDLQKMVMGNTKPVELILDGKTVAICCATGVFGTAYLVPRHLFAEKYDKIMLDGRALTDSDYRVFEFEIKVKGQDMLSDAALMVLHRGNRVRDITKHFRDVARMKKGTPVVGVINNADVGRLIFSGEALTYKDIVVCMDGDTMPGLFAYRASTKAGYCGGAVLAKDGAETFIVGTHSAGGNGIGYCSCVSRSMLLKMKAHIDPEPHHEGLIVDTRDVEERVHVMRKTKLAPTVAHGVFNPEFGPAALSNKDPRLNEGVVLDDVIFSKHKGDTRMSEEDKALFRRCAADYASRLHSVLGTANAPLSVYEAIKGVDGLDAMEPDTAPGLPWALQGKRRGALIDFENGTVGPEVEAALKLMESREYKFVCQTFLKDEIRPLEKVRAGKTRIVDVLPVEHILYTRMMIGRFCAQMHSNNGPQIGSAVGCNPDVDWQRFGTHFAQYKNVWDVDYSAFDANHCSDAMNIMFEEVFRTEFGFHPNAEWILKTLVNTEHAYENKRIVVEGGMPSGCSATSIINTILNNIYVLYALRRHYEGVELDTYTMISYGDDIVVASDYDLDFEALKPHFKSLGQTITPADKSDKGFVLGHSITDVTFLKRHFHMDYGTGFYKPVMASKTLEAILSFARRGTIQEKLISVAGLAVHSGPDEYRRLFEPFQGLFEIPSYRSLYLRWVNAVCGDA,1369,P,F,F,PFFFSDVRAN,PFFFSDVRANFTKLVDTVNQ
Foot-and-mouth disease virus serotype O,Picornaviridae,PFFFSDVRSNFSKLVETINQMQEDMSTKHGPDFNRLVSAFEELAIGVKAIRTGLDEAKPWYKLIKLLSRLSCMAAVAARSKDPVLVAIMLADTGLEILDSTFVVKKISDSLSSLFHVPAPVFSFGAPVLLAGLVKVASSFFRSTPEDLERAEKQLKARDINDIFAILKNGEWLVKLILAIRDWIKAWIASEEKFVTMTDLVPGILEKQRDLNDPSKYKEAKEWLDNARQACLKSGNVHIANLCKVVAPAPSKSRPEPVVVCLRGKSGQGKSFLANVLAQAISTHFTGRIDSVWYCPPDPDHFDGYNQQTVVVMDDLGQNPDGKDFKYFAQMVSTTGFIPPMASLEDKGKPFNSKVIIATTNLYSGFTPRTMVCPDALNRRFHFDIDVSAKDGYKINSKLDIIKALEDTHANPVAMFQYDCALLNGMAVEMKRMQQDMFKPQPPLQNVYQLVQEVIDRVELHEKVSSHPIFKQISIPSQKSVLYFLIEKGQHEAAIEFFEGMVHDSIKEELRPLIQQTSFVKRAFKRLKENFEIVALCLTLLANIVIMIRETRKRQKMVDDAVNEYIEKANITTDDKTLDEAEKSPLETSGASTVGFRERTLPGQKACDDVNSEPAQPVEEQPQAEGPYAGPLERQKPLKVRAKLPQQEGPYAGPMERQKPLKVKAKAPVVKEGPYEGPVKKPVALKVKAKNLIVTESGAPPTDLQKMVMGNTKPVELILDGKTVAICCATGVFGTAYLVPRHLFAEKYDKIMVDGRAMTDSDYRVFEFEIKVKGQDMLSDAALMVLHRGNRVRDITKHFRDTARMKKGTPVVGVINNADVGRLIFSGEALTYKDIVVCMDGDTMPGLFAYRAATKAGYCGGAVLAKDGADTFIVGTHSAGGNGVGYCSCVSRSMLLKMKAHIDPEPHHEGLIVDTRDVEERVHVMRKTKLAPTVAHGVFNPEFGPAALSNKDPRLNEGVVLDEVIFSKHKGDTKMSEEDKALFRRCAADYASRLHSVLGTANAPLSIYEAIKGVDGLDAMEPDTAPGLPWALQGKRRGALIDFENGTVGPEVEAALKLMEKREYKFVCQTFLKDEIRPLEKVRAGKTRIVDVLPVEHILYTRMMIGRFCAQMHSNNGPQIGSAVGCNPDVDWQRFGTHFAQYRNVWDVDYSAFDANHCSDAMNIMFEEVFRTEFGFHPNAEWILKTLVNTEHAYENKRITVGGGMPSGCSATSIINTILNNIYVLYALRRHYEGVELDTYTMISYGDDIVVASDYDLDFEALKPHFKSLGQTITPADKSDKGFVLGHSITDVTFLKRHFHMDYGTGFYKPVMASKTLEAILSFARRGTIQEKLISVAGLAVHSGPDEYRRLFEPFQGLFEIPSYRSLYLRWVNAVCGDA,1379,P,F,F,PFFFSDVRSN,PFFFSDVRSNFSKLVETINQ
Foot-and-mouth disease virus (isolate Bovine/Brazil/A24Cruzeiro/1955 serotype A),Picornaviridae,PFFFSDVRSNFSKLVDTINQMQEDMSTKHGPDFNRLVSAFEELATGVKAIRTGLDEAKPWYKLIKLLSRLSCMAAVAARSKDPVLVAIMLADTGLEILDSTFVVKKISDSLSSLFHVPAPVFSFGAPILLAGLVKVASSFFRSTPEDLERAEKQLKARDINDIFAILKNGEWLVKLILAIRDWIKAWIASEEKFVTTTDLVPGILEKQRDLNDPSKYKEAKEWLDNARQACLKSGNVHIANLCKVVAPAPSRSRPEPVVVCLRGKSGQGKSFLANVLAQAISTHFTGRTDSVWYCPPDPDHFDGYNQQTVVVMDDLGQNPDGKDFKYFAQMVSTTGFIPPMASLEDKGKPFNSKVIIATTNLYSGFTPRTMVCPDALNRRFHFDIDVSAKDGYKINNKLDIIKALEDTHTNPVAMFQYDCALLNGMAVEMKRMQQDMFKPQPPLQNVYQLVQEVIERVELHEKVSSHPIFKQISIPSQKSVLYFLIEKGQHEAAIEFFEGMVHDSIKEELRPLIQQTSFVKRAFKRLKENFEIVALCLTLLANIVIMIRETRKRQKMVDDAVSEYIERANITTDDKTLDEAEKNPLETSGASTVGFRERPLPGQKARNDENSEPAQPAEEQPQAEGPYAGPLERQKPLKVRAKLPQQEGPYAGPMERQKPLKVKAKAPVVKEGPYEGPVKKPVALKVKAKNLIVTESGAPPTDLQKLVMGNTKPVELILDGKTVAICCATGVFGTAYLVPRHLFAEKYDKIMLDGRAMTDSDYRVFEFEIKVKGQDMLSDAALMVLHRGNRVRDITKHFRDTARMKKGTPVVGVINNADVGRLIFSGEALTYKDIVVCMDGDTMPGLFAYKAATKAGYCGGAVLAKDGADTFIVGTHSAGGNGVGYCSCVSRSMLLKMKAHVDPEPHHEGLIVDTRDVEERVHVMRKTKLAPTVAHGVFNPEFGPAALSNKDPRLNDGVVLDEVIFSKHKGDTKMSEEDKALFRRCAADYASRLHSVLGTANAPLSIYEAIKGVDGLDAMEPDTAPGLPWALQGKRRGALIDFENGTVGPEVEAALKLMEKREYKFACQTFLKDEIRPMEKVRAGKTRIVDVLPVEHILYTRMMIGRFCAQMHSNNGPQIGSAVGCNPDVDWQRFGTHFAQYRNVWDVDYSAFDANHCSDAMNIMFEEVFRTEFGFHPNAEWILKTLVNTEHAYENKRITVEGGMPSGCSATSIINTILNNIYVLYALRRHYEGVELDTYTMISYGDDIVVASDYDLDFEALKPHFKSLGQTITPADKSDKGFVLGHSITDVTFLKRHFHMDYGTGFYKPVMASKTLEAILSFARRGTIQEKLISVAGLAVHSGPDEYRRLFEPFQGLFEIPSYRSLYLRWVNAVCGDA,1379,P,F,F,PFFFSDVRSN,PFFFSDVRSNFSKLVDTINQ
Foot-and-mouth disease virus (isolate -/Germany/C1Oberbayen/1960 serotype C),Picornaviridae,PFFFSDVRSNFSKLVETINQMQEDMSTKHGPDFNRLVSAFEELASGVKAIRTGLDEAKPWYKLIKLLSRLSCMAAVAARSKDPVLVAIMLADTGLEILDSTFVVKKISDSLSSLFHVPAPAFSFGAPILLAGLVKVASSFFRSTPEDLERAEKQLKARDINDIFAILKNGEWLVKLILAIRDWIKAWIASEEKFVTMTDLVPGILEKQRDLNDPSKYKDAKEWLDNTRQACLKSGNVHIANLCKVVAPAPSKSRPEPVVVCLRGKSGQGKSFLANVLAQAISTHLTGRTDSVWYCPPDPDHFDGYNQQTVVVMDDLGQNPDGKDFKYFAQMVSTTGFIPPMASLEDKGKPFSSKVIIATTNLYSGFTPKTMVCPDALNRRFHFDIDVSAKDGYKINNKLDIIKALEDTHTNPVAMFQYDCALLNGMAVEMKRLQQDMFKPQPPLQNVYQLVQEVIERVELHEKVSSHPIFKQISIPSQKSVLYFLIEKGQHEAAIEFFEGMVHDSIKEELRPLIQQTSFVKRAFKRLKENFEIVALCLTLLANIVIMIRETHKRQKMVDDAVNEYIEKANITTDDKTLDEAEKNPLETSGASTVGFRERTLPGQKARDDVNSEPAQPTEEQPQAEGPYAGPLERQRPLKVRAKLPQQEGPYAGPMERQKPLKVKARAPVVKEGPYEGPVKKPVALKVKAKNLIVTESGAPPTDLQKMVMGNTKPVELILDGKTVAICCATGVFGTAYLVPRHLFAEKYDKIMLDGRALTDSDYRVFEFEIKVKGQDMLSDAALMVLHRGNRVRDITKHFRDVARMKKGTPVVGVINNADVGRLIFSGEALTYKDIVVCMDGDTMPGLFAYKAATKAGYCGGAVLAKDGADTFIVGTHSAGGNGVGYCSCVSRSMLLKMKAHIDPEPHHEGLIVDTRDVEERVHVMRKTKLAPTVAHGVFNPEFGPAALSNKDPRLNEGVVLDEVIFSKHKGDTKMSEEDKALFRRCAADYASRLHSVLGTANAPLSIYEAIKGVDGLDAMEPDTAPGLPWALQGKRRGALIDFENGTVGPEVEAALKLMEKREYKFACQTFLKDEIRPMEKVRAGKTRIVDVLPVEHILYTRMMIGRFCAQMHSNNGPQIGSAVGCNPDVDWQRFGTHFAQYRNVWDVDYSAFDANHCSDAMNIMFEEVFRTEFGFHPNAEWILKTLVNTEHAYENKRITVEGGMPSGCSATSIINTILNNIYVLYALRRHYEGVELDTYTMISYGDDIVVASDYDLDFEALKPHFKSLGQTITPADKSDKGFVLGHSITDVTFLKRHFHMDYGTGFYKPVMASKTLEAILSFARRGTIQEKLISVAGLAVHSGPDEYRRLFEPFQGLFEIPSYRSLYLRWVNAVCGDA,1379,P,F,F,PFFFSDVRSN,PFFFSDVRSNFSKLVETINQ
Ljunganvirus 1,Picornaviridae,PDIELVYKNRGFYKHYGVRFGGHIYHLNSQDILSTAITGKSDFIKEEDDGKWVHAMTAPLDYFTEKYINSMVGSKHIFSATSNCETIARDLFPGRKEITQSKALGIIGVILLSASLLSLLAVPWDYSSLQTVYNQSIEGDASGLTLLSQRCMTFFSNTMCETFNNDLVKFIIKILVRLLCYIVLYCHAPNMLTTMCLGTLLVLDITTCEILSANTKALFQALVDGDVKSLVWKIAENMQFAQSKDEQAEDMAATFNFASDMVNFVPMEQMRQEGWREFNDVSMSFRHVEWWLTMFKKVYNVLKSIFAPSIEQKAVDWIDRNQEYIADVLDHASNIIIKMKDPKEQRRASTISEYFEVLKQLKPIVSLCMKVAPSTKFSSQVFRIYSEMMRVNVRVPANTDLTRLEPIGIWVSSEPGQGKSFFTHMLSTCLLKSCNLEGIYTNPTGSEFMDGYIGQDIHIIDDAGQNREEKDLALLCQCISSVPFTVPMADLTEKGTFYTSKIVIATTNKFDFTSMVLTDPAALERRFPFHLRIRAVASYSRNNKLDVARSMAAMADGSCWEYSTDGGRAWKTLSMDELVKQITAVYTQRSDALMVWKRKLNTIRNEMSPGSSTGRIFEPLEETLCALERRFGQLADSLKDNYHKTADELIEAIEDMMAPSQSPFACFAESYRPTIKYTASDKVKSWVKNHMNRWKEFVMRNKGWFTLFSVLSSFLSILTLVYLHYKKEKKEEERQERAYNPQTAISKKGGKPKLSLVKTTNFVNEAPYMQDLEHCFAQTAYISSPETQDIIHCAALSEDTILVYGHSQFYFNRYEDLRLHFKGAIFPIEGGKISQVTVNGQPMDLILVKIDKLPITFKNYTKYYTTEVGKETLLIWNSEKGRLAMPVQCVAPAGPVETMEGTITHKTYSYKVASKKGMCGGLLVTRVHGTFKVLGMHIAGNGQVARAAAVHFISNGAAGFMDQGVVVAKEKLQKPIYLPSKTALNPSPLNGVVPVKMEPAVLSPHDTRLEVIMPSVVKTAAAKYRVNIFNPDFEIWERVVDELKSKFRTKLGIHKHVSFQKAVQGFSSLSSLDLSTSPGQKYVEKGMKKRDLLSTEPFWMHPQLEGDVKDILGAVYSGKKPHTFFAAHLKDELRKKEKIAQGKTRCIEACSIDYVIAYRVVMSSLYEAIYQTPAQELGLAVGMNPWTDWDPMINVLQPYNYGLDYSSYDGSLSEQLMRYGVEILAYCHEQPEAVMILHEPVINSQHLVMDEIWHVNGGMPSGAPCTTVLNSICNLLVCTYLAYEQSLDIEVLPIVYGDDVIFSVSSPLDAEYLVQSAAQNFGMEVTSSDKSGPPKLLKMDEIEFLKRTTKFFPGSTYKVGALSLDTMEQHIMWMKNLETFPEQLVSFENELVLHGKEIYDDYKNRFNPILNQWRVCMQDYEVALHRMLRYVFD,1433,P,D,I,PDIELVYKNR,PDIELVYKNRGFYKHYGVRF
Seneca Valley virus (isolate -/United States/SSV-001/2002),Picornaviridae,PASDNPILEFLEAENDLVTLASLWKMVHSVQQTWRKYVKNDDFWPNLLSELVGEGSVALAATLSNQASVKALLGLHFLSRGLNYTDFYSLLIEKCSSFFTVEPPPPPAENLMTKPSVKSKFRKLFKMQGPMDKVKDWNQIAAGLKNFQFVRDLVKEVVDWLQAWINKEKASPVLQYQLEMKKLGPVALAHDAFMAGSGPPLSDDQIEYLQNLKSLALTLGKTNLAQSLTTMINAKQSSAQRVEPVVVVLRGKPGCGKSLASTLIAQAVSKRLYGSQSVYSLPPDPDFFDGYKGQFVTLMDDLGQNPDGQDFSTFCQMVSTAQFLPNMADLAEKGRPFTSNLIIATTNLPHFSPVTIADPSAVSRRINYDLTLEVSEAYKKHTRLNFDLAFRRTDAPPIYPFAAHVPFVDVAVRFKNGHQNFNLLELVDSICTDIRAKQQGARNMQTLVLQSPNENDDTPVDEALGRVLSPAAVDEALVDLTPEADPVGRLAILAKLGLALAAVTPGLIILAVGLYRYFSGSDADQEETESEGSVKAPRSENAYDGPKKNSKPPGALSLMEMQQPNVDMGFEAAVAKKVVVPITFMVPNRPSGLTQSALLVTGRTFLINEHTWSNPSWTSFTIRGEVHTRDEPFQTVHFTHHGIPTDLMMVRLGPGNSFPNNLDKFGLDQMPARNSRVVGVSSSYGNFFFSGNFLGFVDSITSEQGTYARLFRYRVTTYKGWCGSALVCEAGGVRRIIGLHSAGAAGIGAGTYISKLGLIKALKHLGEPLATMQGLMTELEPGITVHVPRKSKLRKTTAHAVYKPEFEPAVLSKFDPRLNKDVDLDEVIWSKHTANVPYQPPLFYTYMSEYAHRVFSFLGKDNDILTVKEAILGIPGLDPMDPHTAPGLPYAINGLRRTDLVDFVNGTVDAALAVQIQKFLDGDYSDHVFQTFLKDEIRPSEKVRAGKTRIVDVPSLAHCIVGRMLLGRFAAKFQSHPGFLLGSAIGSDPDVFWTVIGAQLEGRKNTYDVDYSAFDSSHGTGSFEALISHFFTVDNGFSPALGPYLRSLAVSVHAYGERRIKITGGLPSGCAATSLLNTVLNNVIIRTALALTYKEFEYDMVDIIAYGDDLLVGTDYDLDFNEVARRAAKLGYKMTPANKGSVFPPTSSLSDAVFLKRKFVQNNDGLYKPVMDLKNLEAMLSYFKPGTLLEKLQSVSMLAQHSGKEEYDRLMHPFADYGAVPSHEYLQARWRALFD,1235,P,A,S,PASDNPILEF,PASDNPILEFLEAENDLVTL
Cosavirus A (isolate Human/Pakistan/0553/-),Unknown,PAFNPEYTAHGPVTELIQLARKPETVDNVNRLLTTLNTLMAKWNNLKDTVTDAVFLRDMVCLLVKLTSLMYLVHGQGPGAYFAAASILLADGITFFDWYEKIKIFMARKLRVSPPFFPAAQGPDLRDFVTFFNAARGAQWMIDSLKSLITCIKQWLELEEENEAVQLEKMLIDSPRHCKAINDYNRGDSFQRPTNSFEFMDRLVECATKLGKVQIATYFRNFTTADSDTSRPEPVVVVLRGKPGVGKSAAATVMAAAVSKLLVGSQSVYTLSPDTEHMDGYHGQFVTLMDDLGQNPDGEDFRCFCQMVSCAQYRPAMADLKDKGILFTSRLLIATTNLPDFNPVTISDPRALDRRITFDILVTPGSAATKNGKLDLAAALKPDGPGEHPYTSDCPILHTTGLLLKNLRNNQTMNLKDLVDMIVKRIKHKKEVGNMLDSLVAQGPTMIVGYTKDDDGIAIVDCLEEWNKIKDKKKKQLALEMVAQELKDKHEEHKGTIKLLKMFVTGLGVVAAVAGAYATMKYFTKDKPKEEEEEPEEKKEKKTEESKEAAGPYNGPTKKEIKTLKLKAQSPLMDMEKKIAQNVMPFQIFYNGKRYTQSCLAIGKRVILVNKHAFESVEHKFVVDQKEYTLDQVTAISLDCGSGVTDVCAVCLPPGPDFKSIKKHFLPFNTTMFPGTRLTILSNDHYPMSREGSFLRFEDEVPTNVGNMPFVMLYKSTSYFGMCGSVVCSRFVDGGGIIGMHCAGGGGVSVGTRLTARMIESVFDYFYPPVAQGIIENTETGPRVHVPRTSKLKRTNATYPATEKYGPAALSRYDPRLNEGVNLDEVIFSKHTQNTLVEKGSTFRSALDMAAEIYGEKFRGNDFSPLSVEDAILGIPGLDRLDPNTASGLPYTKTRRQMIDFNTGQILDDTLKCRLGQWLAGRPPQEVHYQTFLKDEIRPIEKVKAGKTRIIDVPPLDHVIAFRMLFGRFIAHYHLNFGFKTGSAIGCDPDVAWASFGFELSGFPYLYDFDYSNFDASHSTSIFEILEQKFFSPELGFDPRCSLLLKSLAVSTHCYENKRLQIAGGLPSGTAGTSVLNTVINNIIFHGALYHTYTNFERDDISMLAYGDDIVVASKFELDLVMVKAFMNRIGYKITPADKSDEFRPKCMDDICFLKRRFVKVAGVWAPVMETENLEAMLSWYKPGTLNEKLQSVSRLAHFSGRDVYDHLFKPFIRDGFDVTPWKQLHLEWLNKLSA,1235,P,A,F,PAFNPEYTAH,PAFNPEYTAHGPVTELIQLA
Saffold virus,Unknown,PVQSVFQLQGGVLTKSQAPMSGLQSMLLRAIGIEADCTEFTRAVNLITDLCNTWESAKTTLSSPEFWTKMVMRIVKMFAASVLYLHNPDLTTTVCLSLMAGIDILTNDSVFNWLSTKLSKFFHTPAPPIVPLLQQQSPIREANDSFNLAKNIEWAIKTIKRIVEWITSWFKQEETSPQAKLDKMLTDFPEHCNSILAMRNGRKAYTDCASAFKYFEQLYNLAVQCKRIPLATLCEKFKNKHDHAVARPEPVVVVLRGNAGQGKSVTSQIIAQAVSKLSFGRQSVYSLPPDSDYLDGYENQYSVIMDDLGQNPDGEDFKVFCQMVSSTNFLPNMAHLEKKGTPFTSNFIIATTNLPKFRPVTVAHYPAVDRRITFDLTVEAGDECVTHNGMLDVEKAFEEIPGKPQLDCFNTDCRLLHKRGVRFVCNRTKNIYNLQQVVKMVKSTIDNKVENLKKMNTLVAQSPGNDMDYVLTCLRQTNAALQDQIDELQEAFNQAQERQNFLSDWLKVSAIVFASIASLSAVCKLVSRFKNLVCPAPVQIQLSEGEQAAYSGGKKGEKQTLQVLDVQGGGKIVAQAGNPVMDYEVNIAKNMVNPITFFYADKAQVTQSCLLIKGHLFVVNRHVAETDWCAFELKGTRHERDSVQMRSVNKSGMEVDLTFVKVVKGPLFKDNSKKFCSKDDDFPARNETVTGIMNTGVPFVFTGKFLIGNQPVNTTTGACFNHCIHYRATTHRGWCGSALICHVNGKKAVYAMHSAGGGGMAAATIITQEMIEAAEKALDCLTPQGAIVEIGIDTVVHVPRKTKLRRTVAHPCFQPKFEPAVLSRYDPRTTKDVDQVAFSKHTTNLEELPSVFSMVAREYATRVFTTIGKENKILTPEQAILGLPGMDPMEKDTSPGLPYTQQGLKRAQLVNFEQGTMVQNLKEAHTKLTEGNYEDILYQSFLKDEIRPIEKIHEAKTRIVDVPPFHHCIWGRQLLGRFASRFQTNPGLDLGSAIGTDPDTDWTAFAFQLLQYKYVYDVDYSNFDASHSTAMFEVLIENFFTTENGFDERIGDYLRSLAVSRHAFEERRVLVRGGLPSGCAATSMLNTIINNIVIRAALHLTYSNFEFDDIKVLSYGDDLLIATNYQINFNLVKQRLAPFNYKITPANKTVEFPEISNLYEVTFLKRKFVRYNSCLFKPQMDTENLKAMVSYCRPGTLKEKLNSIALLAVHSGKSVYDEIFDPFRRIGIIIPEHGTMLYRWLNLFR,1245,P,V,Q,PVQSVFQLQG,PVQSVFQLQGGVLTKSQAPM
Encephalomyocarditis virus,Unknown,PFMFRPRKQVFQTQGAAVSSMAQTLLPNDLASKAMGSAFTALLDANEDAQKAMKIIKTLSSLSDAWENVKETLNNPEFWKQLLSRCVQLIAGMTIAVMHPDPLTLLCLGTLTAAEITSQTSLCEEIAAKFKTIFITPPPRFPTISLFQQQSPLKQVNDIFSLAKNLDWAVKTVEKVVDWFGTWIVQEEKEQTLDQLLQRFPEHAKRISDLRNGMAAYVECKESFDFFEKLYNQAVKEKRTGIAAVCEKFRQKHDHATARCEPVVIVLRGDAGQGKSLSSQVIAQAVSKTIFGRQSVYSLPPDSDFFDGYENQFAAIMDDLGQNPDGSDFTTFCQMVSTTNFLPNMASLERKGTPFTSQLVVATTNLPEFRPVTIAHYPAVERRITFDYSVSAGPVCSKTEAGYKVLDVERAFRPTGEAPLPCFQNNCLFLEKAGLQFRDNRTKEIISLVDVIERAVARIERKKKVLTTVQTLVAQGPVDEVSFHSVVQQLKARQQATDEQLEELQEAFAKVQERNSVFSDWLKISAMLCAATLALSQVVKMAKAVKQMVKPDLVRVQLDEQEQGPYNETARVKPKTLQLLDIQGPNPVMDFEKYVAKHVTAPIGFVYPTGVSTQTCLLVRGRTLVVNRHMAESDWTSIVVRGVTHARSTVKILAIAKAGKETDVSFIRLSSGPLFRDNTSKFVKAGDVLPTGAAPVTGIMNTDIPMMYTGTFLKAGVSVPVETGQTFNHCIHYKANTRKGWCGSALLADLGGSKKILGIHSAGSMGIAAASIVSQEMIRAVVNAFEPQGALERLPDGPRIHVPRKTALRPTVARQVFQPAYAPAVLSKFDPRTEADVDEVAFSKHTSNQESLPPVFRMVAKEYANRVFTLLGKDNGRLTVKQALEGLEGMDPMDRNTSPGLPYTALGMRRTDVVDWESATLIPFAAERLRKMNEGDFSEVVYQTFLKDELRPIEKVQAAKTRIVDVPPFEHCILGRQLLGKFASKFQTQPGLELGSAIGCDPDVHWTAFGVAMQGFERVYDVDYSNFDSTHSVAMFRLLAEEFFTPENGFDPLTREYLESLAISTHAFEEKRFLITGGLPSGCAATSMLNTIMNNIIIRAGLYLTYKNFEFDDVKVLSYGDDLLVATNYQLDFDKVRASLAKTGYKITPANTTSTFPLNSTLEDVVFLKRKFKKEGPLYRPVMNREALEAMLSYYRPGTLSEKLTSITMLAVHSGKQEYDRLFAPFREVGVVVPSFESVEYRWRSLFW,1248,P,F,M,PFMFRPRKQV,PFMFRPRKQVFQTQGAAVSS
Mengo encephalomyocarditis virus,Unknown,PFTFKPRQRPVFQTQGAAVSSMAQTLLPNDLASKAMGSAFTALLDANEDAQKAMKIIKTLSSLSDAWENVKGTLNNPEFWKQLLSRCVQLIAGMTIAVMHPDPLTLLCLGVLTAAEITSQTSLCEEIAAKFKTIFTTPPPRFPVISLFQQQSPLKQVNDVFSLAKNLDWAVKTVEKVVDWFGTWVAQEEREQTLDQLLQRFPEHAKRISDLRNGMAAYVECKESFDFFEKLYNQAVKEKRTGIAAVCEKFRQKHDHATARCEPVVIVLRGDAGQGKSLSSQIIAQAVSKTIFGRQSVYSLPPDSDFFDGYENQFAAIMDDLGQNPDGSDFTTFCQMVSTTNLLPNMASLERKGTPFTSQLVVATTNLPEFRPVTIAHYPAVERRITFDYSVSAGPVCSKTEAGCKVLDVERAFRPTGDAPLPCFQNNCLFLEKAGLQFRDNRSKEILSLVDVIERAVTRIERKKKVLTAVQTLVAQGPVDEVSFYSVVQQLKARQEATDEQLEELQEAFARVQERSSVFSDWMKISAMLCAATLALTQVVKMAKAVKQMVRPDLVRVQLDEQEQGPYNETTRIKPKTLQLLDVQGPNPTMDFEKFVAKFVTAPIGFVYPTGVSTQTCLLVKGRTLAVNRHMAESDWTSIVVRGVSHTRSSVKIIAIAKAGKETDVSFIRLSSGPLFRDNTSKFVKASDVLPHSSSPLIGIMNVDIPMMYTGTFLKAGVSVPVETGQTFNHCIHYKANTRKGWCGSAILADLGGSKKILGFHSAGSMGVAAASIISQEMIDAVVQAFEPQGALERLPDGPRIHVPRKTALRPTVARQVFQPAFAPAVLSKFDPRTDADVDEVAFSKHTSNQETLPPVFRMVAREYANRVFALLGRDNGRLSVKQALDGLEGMDPMDKNTSPGLPYTTLGMRRTDVVDWETATLIPFAAERLEKMNNKDFSDIVYQTFLKDELRPIEKVQAAKTRIVDVPPFEHCILGRQLLGKFASKFQTQPGLELGSAIGCDPDVHWTAFGVAMQGFERVYDVDYSNFDSTHSVAVFRLLAEEFFSEENGFDPLVKDYLESLAISKHAYEEKRYLITGGLPSGCAATSMLNTIMNNIIIRAGLYLTYKNFEFDDVKVLSYGDDLLVATNYQLNFDRVRTSLAKTGYKITPANKTSTFPLESTLEDVVFLKRKFKKEGPLYRPVMNREALEAMLSYYRPGTLSEKLTSITMLAVHSGKQEYDRLFAPFREVGVIVPTFESVEYRWRSLFW,1249,P,F,T,PFTFKPRQRP,PFTFKPRQRPVFQTQGAAVS
Encephalomyocarditis virus (strain emc-b nondiabetogenic),Unknown,PFMAKPKKQVFQTQGAAVSSMAQTLLPNDLASKVMGSAFTALLDANEDAQKAMRIIKTLSSLSDAWENVKETLNNPEFWKQLLSRCVQLIAGMTIAVMHPDPLTLLCLGTLTAAEITSQTSLCEEIVAKFKKIFTTPPPRFPTISLFQQQSPLKQVNDVFSLAKNLDWAVKTVEKVVDWFGTWVVQEEKEQTLDQLLQRFPEHAKRISDLRNGMSAYVECKESFDFFEKLYNQAVKEKRTGIAAVCEKFRQKHDHATARCEPVVIVLRGDAGQGKSLSSQVIAQAVSKTIFGRQSVYSLPPDSDFFDGYENQFAAIMDDLGQNPDGSDFTTFCQMVSTTNFLPNMASLERNGTPFTSQIVVATTNLPEFRPVTIAHYPAVERRITFDYSVSAGPVCSKTEAGYKVLDVERAFRPTGDAPLPCFQNNCLFLEKAGLQFRDNRTKEILSLVDVIERAVARIERKKKVLTTVQTLVAQAPVDEVSFHSVVQQLKARQEATDEQLEELQEAFAKTQERSSVFSDWMKISAMLCAATLALSQVVKMAKTVKQMVRPDLVRVQLDEQEQGPYNEAVRAKPKTLQLLDIQGPNPVMDFEKYVAKFVTAPIDFVYPTGVSTQTCLLVKGRTLAVNRHMAESDWSSIVVRGVTHARSTVRILAIAKAGKETDVSFIRLSSGPLFRDNTSKFVKADDVLPATSAPVIGIMNTDIPMMFTGTFLKAGVSVPVETGQTFNHCIHYKANTRKGWCGSALLADLGGKKKILGMHSAGSMGRTAASIVSQEMICAVVSAFEPQGALERLPDGPRIHVPRKTALRPTVARRVFQPAYAPAVLSKFDPRTEADVDEVAFSKHTSNQESLPPVFRMVAKEYANRVFTLLGRDNGRLTVKQALEGLEGMDPMDKNTSPGLPYTALGMRRTDVVDWESATLIPYAADRLKKMNEGDFSDIVYQTFLKDELRPVEKVQAAKTRIVDVPPFEHCILGRQLLGRFASKFQTQPGLELGSAIGCDPDVHWTAFGVAMQGFERVYDVDYSNFDSTHSVAMFRLLAEEFFTPENGFDPLVKEYLESLAISTHAFEEKRYLITGGLPSGCAATSMLNTIMNNIIIRAGLYLTYKNFEFDDVKVLSYGDDLLVATNYQLNFDKVRASLAKTGYKITPANKTSTFPLDSTLEDVVFLKRKFKKEGPLYRPVMNREALEAMLSYYRPGTLSEKLTSITMLAVHSGKPEYDRLFAPFREVGVVVPSFESVEYRWRSLFW,1248,P,F,M,PFMAKPKKQV,PFMAKPKKQVFQTQGAAVSS
Encephalomyocarditis virus (strain emc-d diabetogenic),Unknown,PFMAKPKKQVFQTQGAAVSSMAQTLLPNDLASKVMGSAFTALLDANEDAQKAMRIIKTLSSLSDAWENVKETLNNPEFWKQLLSRCVQLIAGMTIAVMHPDPLTLLCLGTLTAAEITSQTSLCEEIVAKFKKIFTTPPPRFPTISLFQQQSPLKQVNDVFSLAKNLDWAVKTVEKVVDWFGTWVVQEEKEQTLDQLLQRFPEHAKRISDLRNGMSAYVECKESFDFFEKLYNQAVKEKRTGIAAVCEKFRQKHDHATARCEPVVIVLRGDAGQGKSLSSQVIAQAVSKTIFGRQSVYSLPPDSDFFDGYENQFAAIMDDLGQNPDGSDFTTFCQMVSTTNFLPNMASLERNGTPFTSQIVVATTNLPEFRPVTIAHYPAVERRITFDYSVSAGPVCSKTEAGYKVLDVERAFRPTGDAPLPCFQNNCLFLEKAGLQFRDNRTKEILSLVDVIERAVARIERKKKVLTTVQTLVAQAPVDEVSFHSVVQQLKARQEATDEQLEELQEAFAKTQERSSVFSDWMKISAMLCAATLALSQVVKMAKTVKQMVRPDLVRVQLDEQEQGPYNEAVRAKPKTLQLLDIQGPNPVMDFEKYVAKFVTAPIDFVYPTGVSTQTCLLVKGRTLAVNRHMAESDWSSIVVRGVTHARSTVRILAIAKAGKETDVSFIRLSSGPLFRDNTSKFVKADDVLPATSAPVIGIMNTDIPMMFTGTFLKAGVSVPVETGQTFNHCIHYKANTRKGWCGSALLADLGGKKKILGMHSAGSMGRTAASIVSQEMICAVVSAFEPQGALERLPDGPRIHVPRKTALRPTVARRVFQPAYAPAVLSKFDPRTEADVDEVAFSKHTSNQESLPPVFRMVAKEYANRVFTLLGRDNGRLTVKQALEGLEGMDPMDKNTSPGLPYTALGMRRTDVVDWESATLIPYAADRLKKMNEGDFSDIVYQTFLKDELRPVEKVQAAKTRIVDVPPFEHCILGRQLLGRFASKFQTQPGLELGSAIGCDPDVHWTAFGVAMQGFERVYDVDYSNFDSTHSVAMFRLLAEEFFTPENGFDPLVKEYLESLAISTHAFEEKRYLITGGLPSGCAATSMLNTIMNNIIIRAGLYLTYKNFEFDDVKVLSYGDDLLVATNYQLNFDKVRASLAKTGYKITPANKTSTFPLDSTLEDVVFLKRKFKKEGPLYRPVMNREALEAMLSYYRPGTLSEKLTSITMLAVHSGKPEYDRLFAPFREVGVVVPSFESVEYRWRSLFW,1248,P,F,M,PFMAKPKKQV,PFMAKPKKQVFQTQGAAVSS
Encephalomyocarditis virus (strain Rueckert),Unknown,PFMFRPRKQVFQTQGAAVSSMAQTLLPNDLASKAMGSAFTALLDANEDAQKAMKIIKTLSSLSDAWENVKETLNNPEFWKQLLSRCVQLIAGMTIAVMHPDPLTLLCLGTLTAAEITSQTSLCEEIAAKFKTIFITPPPRFPTISLFQQQSPLKQVNDIFSLAKNLDWAVKTVEKVVDWFGTWIVQEEKEQTLDQLLQRFPEHAKRISDLRNGMAAYVECKESFDFFEKLYNQAVKEKRTGIAAVCEKFRQKHDHATARCEPVVIVLRGDAGQGKSLSSQVIAQAVSKTIFGRQSVYSLPPDSDFFDGYENQFAAIMDDLGQNPDGSDFTTFCQMVSTTNFLPNMASLERKGTPFTSQLVVATTNLPEFRPVTIAHYPAVERRITFDYSVSAGPVCSKTEAGYKVLDVERAFRPTGEAPLPCFQNNCLFLEKAGLQFRDNRTKEIISLVDVIERAVARIERKKKVLTTVQTLVAQGPVDEVSFHSVVQQLKARQQATDEQLEELQEAFAKVQERNSVFSDWLKISAMLCAATLALSQVVKMAKAVKQMVKPDLVRVQLDEQEQGPYNETARVKPKTLQLLDIQGPNPVMDFEKYVAKHVTAPIGFVYPTGVSTQTCLLVRGRTLVVNRHMAESDWTSIVVRGVTHARSTVKILAIAKAGKETDVSFIRLSSGPLFRDNTSKFVKAGDVLPTGAAPVTGIMNTDIPMMYTGTFLKAGVSVPVETGQTFNHCIHYKANTRKGWCGSALLADLGGSKKILGIHSAGSMGIAAASIVSQEMIRAVVNAFEPQGALERLPDGPRIHVPRKTALRPTVARQVFQPAYAPAVLSKFDPRTEADVDEVAFSKHTSNQESLPPVFRMVAKEYANRVFTLLGKDNGRLTVKQALEGLEGMDPMDRNTSPGLPYTALGMRRTDVVDWESATLIPFAAERLRKMNEGDFSEVVYQTFLKDELRPIEKVQAAKTRIVDVPPFEHCILGRQLLGKFASKFQTQPGLELGSAIGCDPDVHWTAFGVAMQGFERVYDVDYSNFDSTHSVAMFRLLAEEFFTPENGFDPLTREYLESLAISTHAFEEKRFLITGGLPSGCAATSMLNTIMNNIIIRAGLYLTYKNFEFDDVKVLSYGDDLLVATNYQLDFDKVRASLAKTGYKITPANTTSTFPLNSTLEDVVFLKRKFKKEGPLYRPVMNREALEAMLSYYRPGTLSEKLTSITMLAVHSGKQEYDRLFAPFREVGVVVPSFESVEYRWRSLFW,1248,P,F,M,PFMFRPRKQV,PFMFRPRKQVFQTQGAAVSS
Theiler's murine encephalomyelitis virus (strain BeAn 8386),Unknown,PVQSVFQPQGAVLTKSLAPQAGIQNLLLRLLGIDGDCSEVSKAITVVTDLVAAWEKAKTTLVSPEFWSKLILKTTKFIAASVLYLHNPDFTTTVCLSLMTGVDLLTNDSVFDWLKQKLSSFFRTPPPACPNVMQPQGPLREANEGFTFAKNIEWAMKTIQSVVNWLTSWFKQEEDHPQSKLDKLLMEFPDHCRNIMDMRNGRKAYCECTASFKYFDELYNLAVTCKRIPLASLCEKFKNRHDHSVTRPEPVVVVLRGAAGQGKSVTSQIIAQSVSKMAFGRQSVYSMPPDSEYFDGYENQFSVIMDDLGQNPDGEDFTVFCQMVSSTNFLPNMAHLERKGTPFTSSFIVATTNLPKFRPVTVAHYPAVDRRITFDFTVTAGPHCKTPAGMLDVEKAFDEIPGSKPQLACFSADCPLLHKRGVMFTCNRTQTVYNLQQVVKMVNDTITRKTENVKKMNSLVAQSPPDWEHFENILTCLRQNNAALQDQLDELQEAFAQARERSDFLSDWLKVSAIIFAGIASLSAVIKLASKFKESIWPTPVRVELSEGEQAAYAGRARAQKQALQVLDIQGGGKVLAQAGNPVMDFELFCAKNIVAPITFYYPDKAEVTQSCLLLRAHLFVVNRHVAETDWTAFKLKDVRHERHTVALRSVNRSGAKTDLTFIKVTKGPLFKDNVNKFCSNKDDFPARNDTVTGIMNTGLAFVYSGNFLIGNQPVNTTTGACFNHCLHYRAQTRRGWCGSAIICNVNGKKAVYGMHSAGGGGLAAATIITKELIEAAEKSMLALEPQGAIVDIATGSVVHVPRKTKLRRTVAHDVFQPKFEPAVLSRYDPRTDKDVDVVAFSKHTTNMESLPPIFDVVCGEYANRVFTILGKENGLLTVEQAVLGLPGMDPMEKDTSPGLPYTQQGLRRTDLLNFITAKMTPQLDYAHSKLVIGVYDDVVYQSFLKDEIRPIEKIHEAKTRIVDVPPFAHCIWGRQLLGRFASKFQTKPGLELGSAIGTDPDVDWTRYAVELSGFNYVYDVDYSNFDASHSTAMFECLINNFFTEQNGFDRRIAEYLRSLAVSRHAYEDRRVLIRGGLPSGCAATSMLNTIMNNVIIRAALYLTYSNFDFDDIKVLSYGDDLLIGTNYQIDFNLVKERLAPFGYKITPANKTTTFPLTSHLQDVTFLKRRFVRFNSYLFRPQMDAVNLKAMVSYCKPGTLKEKLMSIALLAVHSGPDIYDEIFLPFRNVGIVVPTYSSMLYRWLSLFR,1248,P,V,Q,PVQSVFQPQG,PVQSVFQPQGAVLTKSLAPQ
