virus_name,accession,family,2a_motif,2a_position,downstream_length,confidence
Acute bee paralysis virus (strain Rothamsted),Q9DSN9,Unclassified_picorna-like,DVETNPGP,159,1740,HIGH
Ectropis obliqua picorna-like virus,Q6UP17,Unclassified_picorna-like,DVESNPGP,567,2413,HIGH
Ectropis obliqua picorna-like virus,Q6UP17,Unclassified_picorna-like,DIESNPGP,1184,1796,HIGH
Foot-and-mouth disease virus serotype Asia-1,A2I7M2,Picornaviridae,DVESNPGP,943,1379,HIGH
Foot-and-mouth disease virus (isolate -/Germany/A5Westerwald/1951 serotype A),P03307,Picornaviridae,DVESNPGP,946,1379,HIGH
Foot-and-mouth disease virus (isolate -/Azerbaijan/A22-550/1965 serotype A),P49303,Picornaviridae,DVESNPGP,947,1382,HIGH
Foot-and-mouth disease virus (isolate Bovine/United Kingdom/A12Valle119/1932 serotype A),P03308,Picornaviridae,DVESNPGP,947,1379,HIGH
Foot-and-mouth disease virus (isolate -/Brazil/C3Indaial/1971 serotype C),P03310,Picornaviridae,DVESNPGP,942,1379,HIGH
Foot-and-mouth disease virus (isolate -/Spain/S8c1SantaPau/1970 serotype C),P03311,Picornaviridae,DVESNPGP,941,1379,HIGH
Foot-and-mouth disease virus serotype SAT-2,Q9Q2N9,Picornaviridae,DVESNPGP,950,1378,HIGH
Foot-and-mouth disease virus (isolate Swine/Taiwan/OTai/1997 serotype O),Q6PMV1,Picornaviridae,DVESNPGP,946,1369,HIGH
Foot-and-mouth disease virus serotype O,P03305,Picornaviridae,DVESNPGP,946,1379,HIGH
Foot-and-mouth disease virus (isolate Bovine/Brazil/A24Cruzeiro/1955 serotype A),P03309,Picornaviridae,DVESNPGP,947,1379,HIGH
Foot-and-mouth disease virus (isolate -/Germany/C1Oberbayen/1960 serotype C),P15072,Picornaviridae,DVESNPGP,941,1379,HIGH
Ljunganvirus 1,Q8JV21,Picornaviridae,DVETNPGP,813,1433,HIGH
Seneca Valley virus (isolate -/United States/SSV-001/2002),Q155Z9,Picornaviridae,DIETNPGP,939,1235,HIGH
